"","xihao","V1","V2","V3","V4","V5","V6","V7","V8","V9","V10","V11","V12","V13","V14","V15","V16"
"1",2,0,0.1,0.2,0.2,0.2,0.2,0.2,0.3,0.4,0.5,0.6,0.8,0.9,2,2.6,4.1
"2",3,0,0,0,0,0.3,0.3,0.3,0.5,0.4,0.7,0.9,0.8,1.4,3,4.4,7.1
"3",4,0,0.1,0.1,0.1,0.2,0.2,0.2,0.3,0.4,0.4,0.6,0.7,0.9,1.6,2.6,3.9
"4",5,0,0.1,0.2,0.2,0.4,0.4,0.4,0.7,0.8,1,1.2,1.5,1.8,3.4,4.9,8.3
"5",6,0,0,0.1,0.1,0.2,0.2,0.2,0.2,0.2,0.3,0.4,0.5,0.7,1.2,2.7,4.2
"6",7,0,0.1,0.2,0.2,0.5,0.6,0.7,0.9,1.1,1.3,1.8,2.6,3.5,6.1,8,9.5
"7",8,0,0,0.1,0.2,0.3,0.4,0.4,0.6,0.7,0.9,1.2,1.6,2,4,4.9,6.7
"8",9,0,0,0.1,0.2,0.3,0.3,0.3,0.4,0.4,0.6,0.6,0.9,1.1,2.4,3.1,3.6
"9",10,0,0,0,0,0.2,0.2,0.2,0.2,0.2,0.3,0.4,0.4,0.5,0.8,1.3,1.8
"10",11,0,0,0.2,0.2,0.2,0.2,0.3,0.4,0.5,0.7,0.7,1,1.3,2,2.9,4.9
"11",12,0,0,0.1,0.1,0.3,0.3,0.3,0.3,0.4,0.5,0.7,0.7,1,1.9,3.8,4.7
"12",13,0,0,0.1,0.2,0.4,0.4,0.4,0.6,0.8,1,1.4,1.8,2.4,4.5,6.1,6.8
"13",14,0,0,0,0,0.2,0.2,0.3,0.3,0.4,0.4,0.6,0.9,1.3,2.9,4,5.5
"14",15,0,0,0.1,0.1,0.2,0.2,0.2,0.3,0.3,0.4,0.5,0.7,0.9,1.7,3.1,4.7
"16",17,0,0.1,0.1,0.2,0.2,0.3,0.2,0.4,0.5,0.6,0.7,1,1.3,2.7,3.6,5.2
"17",18,0,0.1,0.1,0.2,0.2,0.2,0.2,0.3,0.3,0.4,0.5,0.4,0.6,1.1,1.6,2.6
"18",19,0,0,0.1,0.2,0.3,0.3,0.3,0.3,0.4,0.5,0.7,1.1,1.7,4.1,6.1,8.4
"19",21,0,0,0,0,0.2,0.2,0.1,0.2,0.2,0.2,0.3,0.3,0.2,1,2,3.1
"20",22,0,0.1,0.1,0.2,0.2,0.3,0.3,0.4,0.3,0.4,0.7,0.9,1.2,2.7,3.7,5.2
"21",23,0,0,0.1,0.1,0.2,0.2,0.1,0.2,0.3,0.3,0.3,0.4,0.4,0.7,1.1,1.4
"22",24,0,0.1,0.1,0.2,0.2,0.4,0.4,0.5,0.6,0.8,0.7,1.1,1.2,1.8,2.5,3.6
"23",25,0,0,0.3,0.2,0.3,0.3,0.2,0.4,0.5,0.5,0.6,0.9,1.3,2.5,3.5,4.8
"24",26,0,0,0,0,0.2,0.2,0.2,0.3,0.3,0.4,0.6,0.6,0.9,1.9,3.1,5.1
"25",28,0,0,0.1,0.2,0.3,0.3,0.3,0.4,0.5,0.7,0.8,1.1,1.6,2.9,3.6,4.4
"26",29,0,0,0,0.1,0.2,0.2,0.2,0.3,0.3,0.4,0.7,0.9,1.5,3.2,5.3,8.1
"27",30,0,0,0.1,0.1,0.1,0.2,0.2,0.3,0.3,0.4,0.4,0.5,0.8,1.5,2.7,5.4
"28",31,0,0,0.1,0.2,0.3,0.3,0.3,0.5,0.7,0.9,1,1.3,1.4,2.6,4,5.3
"29",32,0,0,0,0,0.3,0.3,0.3,0.3,0.2,0.4,0.5,0.5,1,2,3.1,5.3
"30",33,0,0,0.1,0.1,0.3,0.2,0.2,0.3,0.4,0.6,0.8,1,1.7,3.6,7.1,7.5
"31",34,0,0.1,0.2,0.2,0.3,0.3,0.6,0.5,0.7,0.8,1.1,1.5,2.2,4.3,5.7,7.7
"32",35,0,0.1,0.1,0.2,0.3,0.3,0.3,0.4,0.5,0.7,1,1.1,1.5,3.2,4.5,5.5
"33",36,0,0,0,0.1,0.2,0.2,0.2,0.3,0.3,0.4,0.5,0.5,0.7,1.5,2.8,3.7
"34",37,0,0,0,0,0.2,0.2,0.2,0.2,0.1,0.3,0.3,0.3,0.4,0.8,1.7,2.2
"36",39,0,0,0,0,0.3,0.2,0.2,0.2,0.2,0.3,0.3,0.4,0.7,1.3,2.6,3.6
"37",40,0,0.1,0.2,0.2,0.3,0.3,0.4,0.5,0.7,0.8,1,1.3,2,3.4,5,6.4
"38",41,0,0,0.1,0.2,0.3,0.3,0.3,0.4,0.5,0.5,0.7,1,1.5,2.9,4.1,5.4
"40",44,0,0.1,0.1,0.1,0.3,0.3,0.3,0.5,0.6,0.7,1,1.2,1.8,3.1,4.8,6.7
"41",45,0,0,0,0,0.2,0.2,0.2,0.3,0.2,0.4,0.6,0.6,0.9,1.8,2.8,4.6
"42",46,0,0,0,0,0.2,0.2,0.2,0.2,0.2,0.3,0.5,0.5,0.8,1.9,2.8,5.3
"43",47,0,0.1,0.2,0.2,0.5,0.5,0.5,0.7,0.8,1,1.3,1.6,2.1,4.3,5.6,7.9
"44",49,0,0.1,0.1,0.2,0.4,0.3,0.2,0.4,0.5,0.6,0.7,0.9,1,2.4,3.6,4.5
"45",50,0,0,0.1,0.1,0.3,0.2,0.2,0.3,0.4,0.4,0.5,0.6,0.7,1.7,2.9,4.1
"46",51,0,0,0.1,0.1,0.2,0.2,0.1,0.2,0.2,0.3,0.4,0.5,0.7,1.2,2.2,3
"47",52,0,0.1,0.2,0.1,0.3,0.3,0.3,0.4,0.5,0.6,0.8,1.2,1.7,3.1,4.9,7.5
"48",53,0,0,0.1,0.1,0.4,0.3,0.3,0.4,0.5,0.5,0.7,1,1.4,3,4.7,6.3
"49",54,0,0.1,0.2,0.2,0.3,0.4,0.4,0.5,0.7,1,1.3,1.7,2.3,4.4,6.3,7.6
"50",55,0,0,0.2,0.1,0.3,0.3,0.4,0.4,0.6,0.7,0.7,1.1,1.7,3.7,5.3,7.8
"51",56,0,0,0.1,0.2,0.4,0.4,0.4,0.6,0.7,0.8,1,1.5,1.9,3.7,5.8,9.5
"52",57,0,0,0.1,0.2,0.3,0.3,0.4,0.5,0.6,0.7,0.7,0.9,1.5,3.1,4.5,6.4
"53",58,0,0.1,0.2,0.2,0.3,0.3,0.3,0.4,0.6,0.8,1,1.5,2,3.8,5.4,8.2
"54",59,0,0,0,0,0.3,0.3,0.3,0.3,0.3,0.4,0.5,0.5,0.8,1.7,3,3.9
"55",60,0,0,0.1,0.1,0.3,0.3,0.4,0.5,0.6,0.8,0.8,1.2,0.6,2.4,3.8,4.8
"57",63,0,0,0.1,0.1,0.2,0.2,0.2,0.2,0.2,0.2,0.4,0.5,0.8,1.8,2.9,5.5
"58",64,0,0,0,0,0.4,0.3,0.3,0.5,0.4,0.6,0.7,0.8,1.3,2.2,3.1,5
"61",67,0,0.1,0.1,0.2,0.2,0.2,0.2,0.2,0.3,0.4,0.3,0.5,0.5,1.4,2.4,4.5
"63",69,0,0.1,0.1,0.2,0.2,0.2,0.3,0.3,0.4,0.5,0.7,0.9,1.1,1.9,2.9,5.4
"64",70,0,0,0.2,0.2,0.2,0.2,0.2,0.2,0.3,0.3,0.3,0.3,0.3,0.7,1.1,2.1
"65",71,0,0,0,0,0.3,0.2,0.3,0.4,0.4,0.6,0.7,0.7,1,1.6,2.1,4.2
"66",72,0,0,0.2,0.2,0.4,0.3,0.3,0.5,0.6,0.7,1,1.3,2.2,4,5.7,7.6
"67",73,0,0,0.1,0.1,0.4,0.4,0.4,0.6,0.7,0.8,0.8,1,1.2,1.7,2.2,3
"68",74,0,0.1,0.2,0.2,0.3,0.3,0.3,0.5,0.6,0.6,0.8,1.2,1.5,2.8,4.3,7.9
"69",75,0,0,0.1,0.2,0.2,0.2,0.2,0.3,0.3,0.3,0.3,0.5,0.6,1.4,2.4,5.1
"70",76,0,0,0.1,0.1,0.2,0.1,0.1,0.2,0.2,0.2,0.2,0.3,0.3,1.3,2.3,3.3
"71",77,0,0,0.1,0.2,0.4,0.4,0.5,0.5,0.7,0.8,0.8,1.1,1.5,2.9,4.4,7.4
"72",78,0,0.1,0.3,0.3,0.3,0.2,0.2,0.4,0.4,0.6,0.8,1,1.4,2.2,3.2,5
"73",79,0,0,0,0,0.2,0.3,0.3,0.4,0.4,0.6,0.7,0.8,1.1,2,3.7,6.3
"74",80,0,0,0,0.1,0.2,0.2,0.2,0.2,0.3,0.4,0.5,0.9,1.3,3,5,6.8
"76",83,0,0,0,0,0.3,0.2,0.2,0.2,0.2,0.3,0.4,0.5,0.7,2.1,3.1,4.9
"80",87,0,0.1,0.1,0.1,0.2,0.2,0.2,0.2,0.3,0.4,0.5,0.6,0.8,1.8,3.1,4.7
"82",89,0,0,0.1,0.1,0.2,0.2,0.2,0.4,0.5,0.7,1,1.4,2.1,3.9,5.7,8.1
"85",93,0,0.1,0.2,0.2,0.2,0.2,0.2,0.3,0.3,0.4,0.3,0.6,0.9,1.8,2.6,4.3
"86",95,0,0.1,0.2,0.2,0.2,0.3,0.3,0.4,0.4,0.6,0.7,1.1,1.2,1.8,2.5,3.2
"88",97,0,0.1,0.1,0.2,0.2,0.2,0.2,0.3,0.4,0.6,0.6,1,1.4,2.9,3.6,5.7
"89",98,0,0,0,0,0.2,0.2,0.2,0.2,0.2,0.3,0.3,0.4,0.6,1.1,2.5,4
"90",99,0,0.1,0.2,0.2,0.4,0.3,0.3,0.4,0.5,0,0.8,1.2,1.5,3.1,4.7,6.9
"92",101,0,0.1,0.1,0.2,0.3,0.4,0.4,0.6,0.9,1.2,1.4,2,2.5,4.8,6.9,8.5
"93",102,0,0,0,0,0.2,0.2,0.2,0.3,0.3,0.4,0.4,0.5,1,2.4,4.4,5.7
"94",103,0,0,0.1,0.1,0.2,0.2,0.2,0.2,0.2,0.3,0.3,0.5,0.6,1.5,2.3,3.5
"97",106,0,0.1,0.1,0.1,0.2,0.2,0.3,0.4,0.5,0.6,0.7,1.1,1.4,3.1,4.5,6.9
"99",108,0,0,0,0,0.3,0.3,0.3,0.3,0.3,0.5,0.6,0.6,0.9,1.4,2.2,3.6
"100",109,0,0,0.2,0.1,0.2,0.3,0.2,0.3,0.4,0.4,0.5,0.7,1.1,2.2,3.5,4.5
"102",112,0,0,0.1,0.2,0.4,0.3,0.4,0.4,0.4,0.4,0.4,0.5,0.6,1.4,2.2,3
"105",115,0,0,0,0,0.2,0.2,0.2,0.3,0.3,0.3,0.4,0.4,0.4,0.8,1.2,1.7
"106",116,0,0.1,0.1,0.1,0.3,0.3,0.3,0.5,0.7,0.9,1,1.6,2,3.9,5.2,7.1
"107",117,0,0.1,0.2,0.2,0.3,0.4,0.3,0.5,0.6,0.7,0.9,1.1,1.4,2.7,4.1,5.5
"109",119,0,0,0,0,0.1,0.2,0.2,0.3,0.2,0.3,0.4,0.4,0.6,1.1,1.7,4.1
"110",120,0,0,0.2,0.2,0.5,0.6,0.6,0.9,1.2,1.4,1.9,2.3,3.2,6.2,8,10
"111",121,0,0,0,0.1,0.2,0.2,0.1,0.2,0.3,0.3,0.3,0.4,0.3,1,1.3,1.7
"113",123,0,0,0,0,0.2,0.2,0.2,0.3,0.2,0.3,0.4,0.4,0.6,1.1,1.8,2.9
"114",124,0,0,0,0,0.2,0.2,0.2,0.2,0.1,0.3,0.4,0.4,0.8,1.7,2.5,4.6
"115",125,0,0,0.1,0.2,0.3,0.3,0.4,0.4,0.6,0.7,0.8,1.1,1.5,2.5,4,6
"116",126,0,0,0.1,0.1,0.5,0.3,0.3,0.5,0.5,0.6,0.8,0.8,1.2,2.3,3.2,4.1
"117",127,0,0,0,0,0.4,0.3,0.3,0.4,0.4,0.6,0.7,0.8,1.1,2,3.2,5.3
"119",129,0,0,0.1,0.1,0.2,0.2,0.2,0.2,0.3,0.3,0.3,0.5,0.5,1,1.7,3.1
"121",131,0,0,0,0.1,0.2,0.2,0.2,0.3,0.3,0.3,0.5,0.6,1.4,3,4.2,6.3
"122",132,0,0,0.1,0.2,0.2,0.2,0.2,0.3,0.3,0.4,0.4,0.5,0.6,1.3,1.8,2.5
"123",133,0,0.1,0.1,0.2,0.2,0.2,0.3,0.3,0.4,0.7,0.9,1.3,1.5,2.6,4,5.5
"124",134,0,0,0,0,0.2,0.2,0.2,0.3,0.3,0.3,0.4,0.4,0.6,1.4,2.5,6
"126",137,0,0,0.1,0.1,0.3,0.4,0.4,0.5,0.7,0.8,1.2,1.7,2.4,5.1,7.2,9.5
"127",139,0,0,0,0.1,0.1,0.1,0.1,0.2,0.2,0.3,0.3,0.5,0.7,1.5,2.5,3.3
"129",142,0,0,0,0,0.2,0.3,0.2,0.3,0.3,0.5,0.6,0.6,0.9,1.7,2.3,3.7
"133",146,0,0,0.2,0.2,0.2,0.2,0.2,0.3,0.4,0.5,0.5,0.9,1,2.5,2.7,5.9
"134",147,0,0.1,0.3,0.3,0.5,0.5,0.5,0.9,1.1,1.3,1.5,1.9,2.6,3.9,4.9,7
"135",148,0,0,0,0,0.2,0.2,0.2,0.3,0.3,0.3,0.3,0.4,0.5,1.5,2.3,3.5
"136",149,0,0.1,0.2,0.2,0.3,0.3,0.3,0.4,0.5,0.6,0.6,0.9,1.1,1.7,2.4,3.4
"139",152,0,0,0.1,0.2,0.3,0.3,0.3,0.4,0.4,0.6,0.6,0.9,1.1,2.4,3.1,3.6
"140",153,0,0,0,0,0.4,0.3,0.4,0.5,0.5,0.6,0.8,0.8,1.2,2.3,3.8,5.8
"141",154,0,0.1,0.1,0.2,0.3,0.2,0.3,0.3,0.3,0.4,0.4,0.6,0.7,1.5,2,2.3
"142",155,0,0,0,0,0.2,0.2,0.2,0.2,0.1,0.3,0.4,0.4,0.7,1.7,2.8,4
"144",157,0,0,0,0.1,0.3,0.3,0.3,0.4,0.4,0.6,0.6,0.7,1.1,2.2,4,5.7
"145",158,0,0.1,0.1,0.2,0.2,0.2,0.2,0.3,0.4,0.4,0.4,0.7,0.7,2,2.7,3.6
"146",159,0,0.1,0.2,0.2,0.2,0.3,0.3,0.3,0.4,0.4,0.5,0.7,0.8,1.6,2.7,5.3
"147",160,0,0,0,0.1,0.3,0.2,0.2,0.3,0.4,0.5,0.5,0.8,1.1,2.5,3.8,6.2
"149",162,0,0,0,0,0.2,0.3,0.3,0.4,0.3,0.5,0.7,0.5,1,2.2,3.8,6.6
"150",163,0,0.1,0.1,0.1,0.2,0.2,0.3,0.3,0.4,0.5,0.6,0.9,1,2.2,3.4,5.6
"151",164,0,0.1,0.1,0.2,0.2,0.2,0.2,0.3,0.4,0.5,0.8,1,1.4,2.8,3.7,4.9
"152",165,0,0,0,0.1,0.2,0.3,0.3,0.4,0.4,0.5,0.6,0.5,0.7,1.3,2.3,3.8
"153",167,0,0,0.1,0,0.2,0.3,0.4,0.4,0.3,0.5,0.8,0.9,1.5,3,5,9.8
"154",168,0,0,0,0.1,0.3,0.3,0.3,0.4,0.4,0.5,1.8,0.8,0.9,1.7,2.5,3.4
"155",169,0,0,0.2,0.2,0.3,0.3,0.4,0.6,0.7,0.9,1.2,1.7,2.3,4.4,6.7,8.5
"156",170,0,0,0,0,0.2,0.2,0.2,0.2,0.3,0.3,0.4,0.3,0.5,1.2,2.1,3
"157",171,0,0.1,0.1,0.1,0.2,0.2,0.2,0.2,0.3,0.4,0.4,0.6,0.7,1.4,2.3,4
"158",172,0,0,0,0,0.1,0.1,0.1,0.1,0.1,0.1,0.1,0.1,0.1,0.2,0.5,2
"159",173,0,0,0,0,0.1,0.1,0.1,0.2,0.2,0.3,0.3,0.8,0.4,1.1,2.1,4
"160",174,0,0.1,0.2,0.2,0.3,0.3,0.3,0.4,0.4,0.5,0.8,1,1.5,3.1,5,7
"161",175,0,0.1,0.2,0.2,0.3,0.3,0.3,0.4,0.6,0.7,0.8,1,1.4,2.9,4.3,6
"163",177,0,0,0.1,0.1,0.2,0.2,0.3,0.2,0.3,0.3,0.3,0.4,0.4,0.6,1.1,1
"164",178,0,0,0,0,0.2,0.2,0.2,0.3,0.2,0.3,0.4,0.3,0.5,0.9,2.5,4.2
"165",179,0,0,0.2,0.2,0.3,0.3,0.2,0.3,0.3,0.4,0.3,0.4,0.3,0.6,1,1.8
"166",180,0,0,0,0.1,0.3,0.3,0.3,0.3,0.3,0.4,0.5,0.6,0.9,1.7,3.2,6.1
"167",181,0,0,0.1,0,0.3,0.3,0.3,0.5,0.5,0.7,1,1,1.7,3.2,4.2,6.6
"168",183,0,0,0,0,0.2,0.2,0.2,0.3,0.2,0.3,0.3,0.3,0.5,1,1.5,3.4
"170",185,0,0,0,0,0.3,0.2,0.2,0.2,0.3,0.3,0.2,0.4,0.6,1.1,1.8,2.7
"172",187,0,0,0,0,0.2,0.2,0.1,0.2,0.2,0.3,0.3,0.5,0.5,1.6,2.8,5.3
"173",188,0,0.1,0.1,0.2,0.2,0.2,0.2,0.2,0.3,0.3,0.3,0.4,0.5,1.3,1.9,2.9
"174",189,0,0,0,0.1,0.1,0.1,0.1,0.2,0.2,0.3,0.4,0.5,0.9,2.5,3.6,3.8
"176",191,0,0.1,0.1,0.1,0.1,0.2,0.2,0.2,0.3,0.4,0.4,0.6,0.8,1.8,2.4,4.1
"178",193,0,0.1,0.1,0.2,0.3,0.3,0.3,0.4,0.5,0.7,0.7,1,1.2,2.7,3.6,6.1
"180",195,0,0,0.1,0.1,0.3,0.2,0.2,0.3,0.3,0.3,0.3,0.4,0.5,0.9,1.6,3.8
"181",196,0,0,0,0,0,0.1,0.1,0.2,0.3,0.3,0.4,0.5,0.6,1.1,1.6,1.9
"182",197,0,0,0,0.1,0.4,0.3,0.3,0.3,0.4,0.5,0.5,0.6,0.8,1.3,1.9,3.2
"184",199,0,0,0.1,0.1,0.2,0.3,0.3,0.4,0.5,0.6,0.8,1.1,1.4,2.7,4.3,5.5
"185",200,0,0.1,0.2,0.2,0.3,0.3,0.3,0.4,0.6,0.8,1,1.5,2,3.8,5.4,8.2
"186",201,0,0.1,0.2,0.2,0.2,0.2,0.2,0.2,0.3,0.3,0.3,0.5,0.5,1.2,1.8,2.7
"187",202,0,0,0,0,0.4,0.4,0.3,0.4,0.4,0.5,0.5,0.5,0.7,1.3,2.3,3.3
"189",204,0,0,0,0.1,0.4,0.3,0.3,0.4,0.5,0.7,0.9,1.1,1.5,3.5,5.3,7.1
"190",206,0,0,0,0,0.3,0.3,0.3,0.3,0.3,0.5,0.6,0.7,1.2,2.5,3.7,5.7
"191",207,0,0.1,0.1,0.2,0.4,0.4,0.4,0.6,0.6,0.8,1,1.4,1.8,3,3.9,5.2
"192",208,0,0.1,0.1,0.1,0.3,0.2,0.2,0.3,0.4,0.5,0.6,0.9,1.5,3.5,5.4,7.8
"194",211,0,0.1,0.1,0.1,0.3,0.2,0.2,0.3,0.4,0.5,0.4,0.6,0.8,1.5,2,2.6
"195",212,0,0.1,0.1,0.2,0.3,0.3,0.3,0.5,0.7,0.8,1,1.2,1.4,2.8,3.7,5
"197",215,0,0,0.1,0.1,0.2,0.2,0.2,0.2,0.3,0.3,0.3,0.4,0.4,0.7,1,1.5
"198",216,0,0,0,0,0.2,0.2,0.3,0.3,0.3,0.4,0.4,0.5,0.8,1.8,3,4.9
"199",217,0,0.1,0.1,0.1,0.1,0.1,0.2,0.1,0.1,0.1,0.2,0.2,0.5,1.6,2.3,3.9
"200",218,0,0,0.1,0.1,0.2,0.2,0.2,0.2,0.2,0.3,0.4,0.4,0.6,1.4,2.9,4.2
"201",219,0,0,0.1,0.2,0.1,0.1,0.1,0.1,0.2,0.1,0.2,0.1,0.8,2,2.8,4.2
"202",220,0,0,0.1,0.1,0.4,0.5,0.7,0.9,1.1,1.4,2,2.6,3.3,5.3,6.7,8.3
"203",221,0,0,0,0,0.2,0.2,0.2,0.2,0.2,0.3,0.4,0.4,0.6,1,1.5,2.1
"204",222,0,0.1,0.2,0.2,0.4,0.4,0.5,0.5,0.7,0.8,1,1.3,1.8,3.3,4.9,6.2
"205",223,0,0,0,0,0.5,0.5,0.5,0.7,0.5,0.7,0.9,0.9,1.1,2,2.7,4.7
"206",224,0,0.1,0.1,0.2,0.2,0.2,0.2,0.2,0.2,0.3,0.2,0.3,0.4,0.9,1.5,2.5
"207",225,0,0,0.2,0.2,0.2,0.2,0.1,0.2,0.3,0.4,0.4,0.6,0.7,1.8,2.9,4.8
"208",227,0,0,0.1,0.1,0.3,0.2,0.2,0.3,0.3,0.5,0.6,0.6,1,2.3,3.8,5.3
"209",228,0,0,0,0,0.2,0.2,0.3,0.3,0.3,0.5,0.7,0.6,1.2,2.5,3.9,6.6
"210",229,0,0,0.1,0.1,0.4,0.5,0.7,0.9,1.1,1.4,2,2.6,3.3,5.3,6.7,8.3
"211",230,0,0.1,0.1,0.1,0.1,0.2,0.2,0.2,0.2,0.2,0.2,0.3,0.4,1.3,2.2,4.6
"212",231,0,0,0,0,0.3,0.2,0.3,0.4,0.4,0.5,0.6,0.6,1,1.6,2.4,4.1
"213",232,0,0,0.1,0.1,0.2,0.3,0.3,0.3,0.4,0.4,0.5,0.7,1.1,2,3,4.1
"214",233,0,0.1,0.1,0.2,0.3,0.3,0.3,0.4,0.4,0.5,0.7,0.8,1.1,2.6,3.9,5.7
"215",234,0,0.1,0.1,0.1,0.4,0.3,0.4,0.6,0.8,1.1,1.3,1.8,2.5,5.6,8.3,10
"216",235,0,0,0.1,0.2,0.4,0.4,0.4,0.6,0.9,1,1.6,1.7,2.4,4.1,5.9,7.6
"217",236,0,0,0,0,0.3,0.3,0.2,0.4,0.4,0.5,0.7,0.6,1,1.8,2.7,4.3
"218",237,0,0.1,0.1,0.2,0.3,0.4,0.4,0.7,0.9,1.1,1.6,2,2.8,5.3,8,8.5
"219",238,0,0,0.1,0.1,0.3,0.2,0.3,0.3,0.4,0.4,0.5,0.5,0.8,1.2,1.8,2.1
"220",239,0,0,0,0,0.2,0.1,0.1,0.2,0.1,0.2,0.3,0.2,0.6,1.3,2.3,4.1
"221",240,0,0,0.3,0.3,0.4,0.4,0.4,0.6,0.8,1,1.3,1.8,2.6,5.5,7.1,9.4
"222",241,0,0,0,0,0.2,0.2,0.2,0.2,0.2,0.3,0.4,0.4,0.6,1.2,2,2.9
"223",242,0,0,0.1,0.1,0.3,0.3,0.4,0.5,0.6,0.7,1.1,1.3,1.6,2.8,4.3,5.2
"224",243,0,0,0,0,0.2,0.2,0.2,0.3,0.3,0.3,0.4,0.4,0.7,1.9,2.8,3.4
"226",245,0,0,0,0,0.3,0.3,0.3,0.3,0.3,0.4,0.3,0.5,0.5,1.4,2.5,4.4
"227",246,0,0,0.1,0.2,0.3,0.3,0.3,0.4,0.4,0.6,0.8,1,1.6,3.3,4.9,7.9
"228",247,0,0,0,0.1,0.2,0.2,0.2,0.2,0.3,0.4,0.5,0.7,1,2.3,3.5,5.3
"229",248,0,0.1,0.2,0.2,0.4,0.4,0.4,0.5,0.6,0.7,1,1.2,1.7,3.2,4.9,6.2
"230",249,0,0,0.1,0.1,0.1,0.1,0.1,0.1,0.2,0.2,0.2,0.4,0.5,1.5,2.5,4.3
"231",250,0,0,0,0,0.3,0.3,0.2,0.4,0.2,0.4,0.4,0.3,0.6,0.9,1.7,2.8
"232",251,0,0.1,0.1,0.2,0.3,0.4,0.4,0.5,0.7,0.9,1.2,1.5,1.9,3.6,4.9,6.3
"233",252,0,0,0.1,0.1,0.3,0.3,0.4,0.5,0.6,0.8,1.1,1.5,1.8,3.8,5.6,8.9
"234",253,0,0.1,0.2,0.2,0.4,0.4,0.4,0.6,0.9,1,1.2,1.7,2.3,3.6,5.6,8.4
"235",254,0,0,0,0,0.2,0.3,0.4,0.5,0.3,0.6,0.8,0.8,1.2,1.9,3.7,3.9
"237",256,0,0,0.1,0.1,0.2,0.2,0.2,0.3,0.4,0.6,0.7,1.1,1.5,3.6,6.4,7.7
"238",257,0,0.1,0.2,0.2,0.3,0.3,0.4,0.5,0.6,0.8,1.2,1.5,2,3.8,5.4,8.6
"241",261,0,0,0,0,0.4,0.2,0.3,0.3,0.3,0.4,0.4,0.4,0.4,1.2,1.8,2.8
"242",263,0,0,0.1,0.2,0.2,0.2,0.2,0.3,0.3,0.3,0.5,0.7,0.9,1.9,2.8,3.6
"244",265,0,0,0,0,0.2,0.2,0.1,0.2,0.2,0,0.3,0.3,0.5,0.9,1.6,2.6
"245",266,0,0,0,0,0.1,0.2,0.1,0.2,0.2,0.2,0.2,0.3,0.3,0.9,2.3,3.6
"246",267,0,0.1,0.1,0.1,0.2,0.2,0.2,0.2,0.3,0.4,0.4,0.5,0.7,1.1,2,3.7
"247",268,0,0,0,0,0.1,0.1,0.2,0.2,0.3,0.3,0.3,0.4,0.5,1.2,1.9,2.4
"249",270,0,0,0,0,0.4,0.2,0.3,0.3,0.2,0.5,0.7,0.7,1.1,2.2,3.5,6.3
"250",271,0,0.1,0.1,0.1,0.2,0.2,0.3,0.4,0.5,0.7,0.8,1.1,1.6,3.1,4.9,7
"252",273,0,0,0.1,0.1,0.2,0.2,0.2,0.2,0.2,0.2,0.2,0.4,0.6,1.9,2.8,3.8
"253",274,0,0,0.1,0.1,0.2,0.2,0.1,0.2,0.3,0.4,0.4,0.8,1,2.4,3.3,4.5
"254",275,0,0,0,0.1,0.1,0.2,0.1,0.2,0.2,0.3,0.3,0.5,0.6,1.9,2.3,3.5
"256",280,0,0.1,0.2,0.2,0.3,0.3,0.3,0.5,0.6,0.7,0.7,1.1,1.4,3.4,5.6,9
"257",281,0,0,0,0.1,0.2,0.2,0.1,0.2,0.2,0.3,0.2,0.3,0.3,1.2,2.2,3.5
"259",283,0,0,0,0.1,0.2,0.2,0.3,0.4,0.4,0.5,0.6,0.7,1,2.1,3.2,3.5
"260",284,0,0,0.1,0.1,0.2,0.2,0.2,0.3,0.3,0.4,0.5,0.7,0.9,1.7,2.7,3.9
"261",285,0,0,0.1,0.1,0.2,0.2,0.1,0.2,0.2,0.3,0.3,0.3,0.4,0.9,1.7,2.5
"263",288,0,0,0,0,0.1,0.2,0.2,0.3,0.3,0.3,0.3,0.4,0.4,1.5,2.6,4.4
"264",289,0,0,0,0.1,0.3,0.3,0.2,0.3,0.3,0.3,0.4,0.5,0.6,1.3,3.6,3.9
"265",290,0,0,0,0,0.2,0.2,0.1,0.2,0.2,0.3,0.3,0.3,0.5,0.7,1.2,1.8
"268",294,0,0,0.1,0.1,0.3,0.2,0.3,0.3,0.4,0.4,0.6,0.9,1.2,2.6,3.6,5.3
"269",295,0,0,0,0.1,0.3,0.3,0.3,0.5,0.5,0.6,0.7,0.8,1.3,2.5,3.7,6.6
"271",298,0,0,0.1,0.1,0.2,0.2,0.2,0.3,0.3,0.3,0.3,0.4,0.5,0.9,1.2,1.6
"272",299,0,0,0,0,0.2,0.2,0.2,0.2,0.3,0.3,0.4,0.3,0.4,0.8,1.2,1.5
"273",301,0,0.1,0.2,0.2,0.4,0.4,0.4,0.6,0.7,0.8,0.9,1.4,1.7,4,6,8
"275",304,0,0,0,0.1,0.3,0.3,0.3,0.3,0.3,0.4,0.4,0.5,0.7,1.7,2.7,4.1
"276",305,0,0,0,0,0.2,0.2,0.3,0.3,0.3,0.5,0.6,0.6,0.9,1.7,3.3,5.5
"277",306,0,0,0,0,0.3,0.3,0.3,0.3,0.4,0.5,0.5,0.5,0.7,1.5,1.9,2.5
"278",310,0,0,0,0,0.2,0.2,0.2,0.3,0.4,0.5,0.5,0.7,0.9,2.2,3.3,5.7
"279",311,0,0.1,0.1,0.1,0.1,0.2,0.1,0.2,0.2,0.2,0.2,0.4,0.5,0.8,1.4,2.1
"281",313,0,0,0,0,0.3,0.2,0.2,0.3,0.4,0.4,0.6,0.6,1.2,2.2,2.8,4.2
"282",314,0,0,0.1,0.1,0.2,0.2,0.2,0.3,0.4,0.5,0.7,0.8,1.1,2,2.8,3.2
"283",316,0,0.1,0.1,0.2,0.3,0.3,0.3,0.5,0.7,0.8,1,1.2,1.7,3.1,3.8,5
"285",322,0,0.1,0.1,0.1,0.2,0.2,0.2,0.2,0.3,0.4,0.4,0.5,0.6,0.9,1.2,2
"286",323,0,0,0,0,0.2,0.1,0.2,0.2,0.2,0.3,0.4,0.3,0.6,1.1,1.4,2.8
"287",324,0,0,0,0.1,0.2,0.2,0.2,0.3,0.2,0.3,0.3,0.3,0.4,0.7,1.1,1.9
"290",328,0,0,0.1,0.1,0.1,0.2,0.1,0.2,0.2,0.2,0.2,0.3,0.4,0.9,1.6,2
"292",331,0,0,0,0,0.2,0.2,0.2,0.3,0.2,0.3,0.4,0.3,0.7,1.3,2.1,4
"293",332,0,0,0.1,0.1,0.5,0.3,0.3,0.5,0.5,0.6,0.8,0.8,1.2,2.3,3.2,4.1
"294",335,0,0,0,0,0.4,0.3,0.3,0.3,0.3,0.3,0.3,0.3,0.4,1.4,2.4,3.7
"297",338,0,0,0.2,0.2,0.3,0.3,0.3,0.5,0.6,0.7,0.8,1.2,1.3,2.1,2.9,3.7
"299",340,0,0,0.1,0.1,0.2,0.2,0.3,0.4,0.5,0.5,0.5,1,1.3,2.5,3.5,4.8
"300",341,0,0,0,0,0.2,0.2,0.2,0.2,0.1,0.3,0.3,0.3,0.6,1.3,2.1,2.5
"301",344,0,0,0,0,0.1,0.2,0.2,0.3,0.3,0.3,0.3,0.3,0.3,0.7,1.2,1.6
"302",345,0,0,0,0,0.2,0.3,0.1,0.3,0.3,0.4,0.4,0.5,0.8,1.4,2.2,3.2
"303",347,0,0.1,0.2,0.3,0.5,0.7,0.7,1,1.1,1.3,1.6,1.9,2.5,4.5,6.1,7.9
"304",353,0,0,0,0,0.1,0.2,0.2,0.3,0.3,0.3,0.4,0.3,0.3,0.8,1.4,2.1
"305",355,0,0,0.1,0.2,0.3,0.3,0.2,0.3,0.3,0.4,0.3,0.5,0.5,1.5,2.3,4.2
"306",357,0,0.1,0.1,0.2,0.3,0.3,0.3,0.4,0.4,0.4,0.6,0.7,1,1.7,2.5,3.6
"307",362,0,0,0,0,0.2,0.1,0.2,0.2,0.2,0.2,0.3,0.3,0.4,1.3,2.5,4.6
"308",363,0,0,0,0,0.2,0.2,0.2,0.3,0.3,0.4,0.4,0.4,0.6,0.9,1.2,2.1
"311",368,0,0,0,0,0.3,0.2,0.3,0.3,0.3,0.4,0.5,0.5,0.7,1.7,2.8,4.2
"314",375,0,0,0,0.1,0.3,0.2,0.3,0.2,0.2,0.3,0.3,0.3,0.3,0.6,0.6,1.1
"317",382,0,0,0.1,0.1,0.2,0.2,0.2,0.2,0.3,0.3,0.5,0.5,0.7,1.3,2,2.6
"319",384,0,0,0,0,0.3,0.3,0.2,0.4,0.4,0.5,0.7,0.8,1.2,1.6,2.1,3.4
"320",386,0,0,0.1,0.2,0.3,0.3,0.3,0.4,0.4,0.5,0.5,0.7,0.7,1,1.5,3.6
"322",642,0,0.1,0.2,0.2,0.6,0.7,0.8,1.1,1.3,1.5,1.5,2.1,2.8,4.5,5.2,6.1
"323",634,0,0.1,0.2,0.2,0.2,0.2,0.2,0.3,0.3,0.4,0.3,0.6,0.9,1.8,2.6,4.3
"324",646,0,0,0.2,0.2,0.2,0.2,0.2,0.2,0.3,0.3,0.3,0.5,0.5,1.4,2.2,4.2
"326",649,0,0,0.1,0.1,0.2,0.3,0.3,0.4,0.5,0.7,0.8,1.2,1.4,2.6,3.6,4.6
"327",614,0,0.1,0.1,0.2,0.3,0.3,0.3,0.5,0.5,0.6,0.8,1.1,1.5,3.2,4.1,6.7
"328",631,0,0,0.2,0.2,0.3,0.2,0.2,0.2,0.3,0.3,0.3,0.5,0.5,1,1.2,1.5
"329",629,0,0.1,0.1,0.2,0.3,0.3,0.4,0.4,0.6,0.8,0.7,1,1.5,3.2,4.4,7.1
"330",632,0,0,0.1,0.2,0.2,0.2,0.2,0.2,0.3,0.3,0.2,0.4,0.4,0.9,1.7,2.3
"332",626,0,0,0,0.1,0.2,0.1,0.1,0.2,0.2,0.2,0.3,0.3,0.5,0.6,1,1.5
"333",636,0,0,0,0.1,0.2,0.2,0.2,0.2,0.2,0.2,0.2,0.3,0.4,0.6,1,1.9
"334",621,0,0,0.1,0.1,0.2,0.2,0.2,0.2,0.2,0.3,0.3,0.3,0.3,0.3,0.6,0.7
"335",697,0,0,0.1,0.2,0.3,0.4,0.4,0.5,0.6,0.8,0.8,1.1,1.4,2.6,3.6,4.7
"336",683,0,0,0.1,0.2,0.3,0.3,0.2,0.3,0.4,0.5,0.6,0.7,0.9,1.7,2.6,3.7
"339",669,0,0.1,0.1,0.1,0.2,0.2,0.2,0.2,0.3,0.4,0.4,0.5,0.6,0.9,1.2,2
"340",609,0,0,0.1,0.1,0.3,0.3,0.3,0.4,0.5,0.5,0.6,0.7,0.9,1.2,1.6,1.9
"346",633,0,0,0,0,0.3,0,0.2,0.4,0.4,0.5,0.5,0.5,0.8,1.2,1.9,2.5
"348",627,0,0,0,0.1,0.3,0.3,0.3,0.5,0.6,0.7,0.9,0.8,1.3,2.5,4,4.6
"351",708,0,0,0,0,0.2,0.2,0.2,0.3,0.3,0.4,0.4,0.4,0.6,1.7,2.9,3.4
"352",643,0,0,0,0.1,0.1,0.1,0.1,0.2,0.2,0.2,0.3,0.3,0.7,1,1.3,1.7
"361",673,0,0,0,0,0.2,0.1,0.2,0.2,0.1,0.2,0.3,0.3,0.5,1,1.7,3.3
"362",662,0,0,0,0,0.2,0.1,0.2,0.3,0.2,0.4,0.4,0.4,0.6,1,1.5,2.7
"366",647,0,0,0,0,0.3,0.2,0.2,0.3,0.2,0.4,0.4,0.4,0.6,0.9,1.4,2.9
"368",650,0,0.2,0,0,0.2,0.1,0.2,0.3,0.3,0.3,0.4,0.3,0.5,1.4,3.3,6.8
"370",638,0,0,0,0.1,0.3,0.3,0.3,0.4,0.3,0.5,0.6,0.5,0.8,1.2,1.6,1.7
"372",704,0,0,0,0.1,0.2,0.3,0.4,0.4,0.4,0.7,0.9,1.1,1.7,3.2,4,6.6
"374",613,0,0,0,0,0.2,0.2,0.1,0.2,0.1,0.3,0.3,0.3,0.5,0.7,1.2,2.2
"375",640,0,0,0,0,0.2,0.2,0.1,0.2,0.1,0.3,0.3,0.3,0.5,0.7,1.2,2.2
